{"stats":{"minecraft:used":{"minecraft:flint_and_steel":86,"minecraft:chest":4,"minecraft:shield":38,"minecraft:iron_sword":83,"minecraft:rotten_flesh":2,"minecraft:netherrack":5,"minecraft:torch":15,"minecraft:dirt":6,"minecraft:diamond_helmet":1,"minecraft:granite":4,"minecraft:acacia_sapling":1,"minecraft:axolotl_bucket":2,"minecraft:obsidian":4,"minecraft:lava_bucket":2,"minecraft:iron_axe":6,"minecraft:diamond_chestplate":1,"minecraft:acacia_wood":1,"minecraft:cobbled_deepslate":74,"minecraft:acacia_planks":13,"minecraft:iron_leggings":2,"minecraft:cooked_mutton":3,"minecraft:acacia_boat":3,"minecraft:water_bucket":40,"minecraft:diamond_boots":1,"minecraft:diamond_axe":13,"minecraft:sugar_cane":16,"minecraft:golden_hoe":17,"minecraft:sand":5,"minecraft:lime_bed":7,"minecraft:crafting_table":6,"minecraft:oak_log":3,"minecraft:diamond_pickaxe":309,"minecraft:bread":97,"minecraft:iron_pickaxe":234,"minecraft:map":1,"minecraft:diamond_sword":83,"minecraft:cobblestone":42,"minecraft:bucket":45,"minecraft:diamond_leggings":1},"minecraft:killed_by":{"minecraft:player":4,"minecraft:skeleton":1,"minecraft:zombie":2},"minecraft:crafted":{"minecraft:oak_planks":4,"minecraft:diamond_helmet":1,"minecraft:diamond_leggings":1,"minecraft:chest":4,"minecraft:diamond_boots":1,"minecraft:wheat":270,"minecraft:diamond_sword":1,"minecraft:emerald":57,"minecraft:diamond_axe":1,"minecraft:crafting_table":5,"minecraft:spruce_planks":32,"minecraft:enchanted_book":2,"minecraft:acacia_boat":1,"minecraft:bread":93,"minecraft:jungle_planks":4,"minecraft:paper":105,"minecraft:diamond_pickaxe":1,"minecraft:shield":1,"minecraft:acacia_planks":24,"minecraft:torch":36,"minecraft:diamond_chestplate":1},"minecraft:mined":{"minecraft:tuff":8,"minecraft:dark_oak_leaves":24,"minecraft:deepslate_diamond_ore":125,"minecraft:granite":19,"minecraft:budding_amethyst":4,"minecraft:acacia_log":5,"minecraft:grass_block":2,"minecraft:jungle_log":1,"minecraft:spruce_leaves":35,"minecraft:spawner":2,"minecraft:hay_block":58,"minecraft:tall_seagrass":8,"minecraft:cobbled_deepslate":8,"minecraft:fire":69,"minecraft:acacia_wood":1,"minecraft:deepslate_lapis_ore":7,"minecraft:stone":133,"minecraft:glass_pane":3,"minecraft:torch":1,"minecraft:short_grass":23,"minecraft:dead_bush":49,"minecraft:tall_grass":5,"minecraft:cobblestone":1,"minecraft:oak_planks":1,"minecraft:sugar_cane":76,"minecraft:amethyst_block":23,"minecraft:seagrass":1,"minecraft:lime_bed":5,"minecraft:spruce_log":8,"minecraft:bee_nest":1,"minecraft:oak_log":4,"minecraft:gravel":5,"minecraft:sand":3,"minecraft:dirt":5,"minecraft:cobweb":5,"minecraft:smooth_basalt":4,"minecraft:acacia_planks":2,"minecraft:netherrack":5,"minecraft:oak_leaves":8,"minecraft:deepslate":199},"minecraft:picked_up":{"minecraft:crafting_table":2,"minecraft:wheat":68,"minecraft:diamond_sword":3,"minecraft:shield":6,"minecraft:amethyst_block":44,"minecraft:music_disc_cat":1,"minecraft:string":9,"minecraft:iron_axe":2,"minecraft:flint_and_steel":4,"minecraft:iron_leggings":6,"minecraft:diamond_leggings":2,"minecraft:cobbled_deepslate":286,"minecraft:bucket":2,"minecraft:iron_nugget":30,"minecraft:poppy":1,"minecraft:iron_pickaxe":3,"minecraft:light_gray_wool":2,"minecraft:enchanted_golden_apple":3,"minecraft:sugar_cane":163,"minecraft:melon_slice":63,"minecraft:dark_oak_sapling":1,"minecraft:stick":234,"minecraft:torch":51,"minecraft:acacia_log":5,"minecraft:redstone":1,"minecraft:iron_horse_armor":1,"minecraft:dark_oak_planks":10,"minecraft:arrow":4,"minecraft:diamond_chestplate":2,"minecraft:rotten_flesh":13,"minecraft:beetroot_seeds":2,"minecraft:golden_hoe":2,"minecraft:diamond_boots":2,"minecraft:hay_block":105,"minecraft:obsidian":3,"minecraft:mutton":2,"minecraft:cobblestone":228,"minecraft:white_wool":10,"minecraft:lime_bed":13,"minecraft:water_bucket":1,"minecraft:tripwire_hook":1,"minecraft:glow_ink_sac":2,"minecraft:jungle_log":1,"minecraft:golden_leggings":2,"minecraft:acacia_wood":2,"minecraft:filled_map":3,"minecraft:flint":20,"minecraft:tuff":8,"minecraft:oak_log":4,"minecraft:lily_pad":1,"minecraft:gunpowder":8,"minecraft:acacia_boat":4,"minecraft:lapis_lazuli":67,"minecraft:dirt":6,"minecraft:paper":6,"minecraft:cooked_mutton":13,"minecraft:bone":18,"minecraft:acacia_planks":8,"minecraft:wheat_seeds":18,"minecraft:iron_ingot":8,"minecraft:diamond_helmet":2,"minecraft:oak_planks":2,"minecraft:acacia_sapling":1,"minecraft:iron_sword":5,"minecraft:smooth_basalt":6,"minecraft:music_disc_13":1,"minecraft:axolotl_bucket":1,"minecraft:gravel":5,"minecraft:sand":5,"minecraft:spruce_sapling":1,"minecraft:spruce_log":8,"minecraft:spider_eye":9,"minecraft:diamond":125,"minecraft:granite":37,"minecraft:diamond_axe":2,"minecraft:golden_apple":2,"minecraft:bread":520,"minecraft:emerald":13,"minecraft:netherrack":5,"minecraft:coal":18,"minecraft:diamond_pickaxe":2},"minecraft:killed":{"minecraft:cave_spider":1,"minecraft:armadillo":1,"minecraft:spider":3,"minecraft:skeleton":7,"minecraft:husk":1,"minecraft:iron_golem":2,"minecraft:sheep":5,"minecraft:zombie":16,"minecraft:villager":1},"minecraft:custom":{"minecraft:mob_kills":40,"minecraft:interact_with_anvil":1,"minecraft:interact_with_crafting_table":13,"minecraft:leave_game":6,"minecraft:time_since_death":2450,"minecraft:climb_one_cm":635,"minecraft:sprint_one_cm":503526,"minecraft:walk_one_cm":347701,"minecraft:damage_blocked_by_shield":1218,"minecraft:drop":73,"minecraft:talked_to_villager":38,"minecraft:play_time":259503,"minecraft:deaths":8,"minecraft:sneak_time":7351,"minecraft:walk_under_water_one_cm":38612,"minecraft:boat_one_cm":48790,"minecraft:jump":4680,"minecraft:walk_on_water_one_cm":47517,"minecraft:enchant_item":3,"minecraft:total_world_time":259503,"minecraft:traded_with_villager":59,"minecraft:sleep_in_bed":8,"minecraft:time_since_rest":2486,"minecraft:damage_taken":6308,"minecraft:damage_dealt":9537,"minecraft:swim_one_cm":112928,"minecraft:fly_one_cm":952175,"minecraft:player_kills":5,"minecraft:open_chest":40,"minecraft:crouch_one_cm":14658,"minecraft:fall_one_cm":162931,"minecraft:horse_one_cm":1638},"minecraft:dropped":{"minecraft:iron_ingot":7,"minecraft:bread":16,"minecraft:iron_sword":1,"minecraft:wheat_seeds":2,"minecraft:emerald":2,"minecraft:flint":7,"minecraft:melon_slice":63,"minecraft:iron_leggings":1,"minecraft:golden_hoe":1,"minecraft:spruce_sapling":1,"minecraft:compass":1,"minecraft:wheat":25,"minecraft:rotten_flesh":4,"minecraft:enchanted_golden_apple":2,"minecraft:flint_and_steel":1,"minecraft:filled_map":1,"minecraft:diamond_sword":1,"minecraft:poppy":1,"minecraft:hay_block":31,"minecraft:shield":1,"minecraft:beetroot_seeds":1,"minecraft:golden_leggings":1,"minecraft:spider_eye":3},"minecraft:broken":{"minecraft:iron_pickaxe":1}},"DataVersion":3953}