{"stats":{"minecraft:used":{"minecraft:bread":2,"minecraft:iron_sword":18,"minecraft:sugar_cane":9,"minecraft:iron_leggings":1},"minecraft:killed_by":{"minecraft:player":1},"minecraft:killed":{"minecraft:iron_golem":1,"minecraft:villager":1},"minecraft:dropped":{"minecraft:iron_ingot":1},"minecraft:custom":{"minecraft:time_since_rest":8134,"minecraft:open_chest":2,"minecraft:crouch_one_cm":474,"minecraft:play_time":11956,"minecraft:sprint_one_cm":41291,"minecraft:walk_one_cm":31042,"minecraft:damage_taken":355,"minecraft:deaths":1,"minecraft:sneak_time":94,"minecraft:walk_under_water_one_cm":1111,"minecraft:mob_kills":2,"minecraft:drop":1,"minecraft:jump":356,"minecraft:damage_dealt":1342,"minecraft:time_since_death":8107,"minecraft:walk_on_water_one_cm":1041,"minecraft:total_world_time":11956,"minecraft:fly_one_cm":104116,"minecraft:swim_one_cm":12498,"minecraft:fall_one_cm":11970,"minecraft:player_kills":1,"minecraft:horse_one_cm":1638},"minecraft:picked_up":{"minecraft:lime_bed":1,"minecraft:stick":32,"minecraft:hay_block":44,"minecraft:sugar_cane":31},"minecraft:mined":{"minecraft:lime_bed":1,"minecraft:hay_block":41,"minecraft:dead_bush":27,"minecraft:sugar_cane":3}},"DataVersion":3953}