{"stats":{"minecraft:picked_up":{"minecraft:crafting_table":2,"minecraft:wheat":68,"minecraft:diamond_sword":1,"minecraft:shield":5,"minecraft:iron_axe":2,"minecraft:flint_and_steel":4,"minecraft:iron_leggings":6,"minecraft:diamond_leggings":1,"minecraft:cobbled_deepslate":116,"minecraft:bucket":2,"minecraft:iron_nugget":30,"minecraft:poppy":1,"minecraft:iron_pickaxe":3,"minecraft:enchanted_golden_apple":3,"minecraft:melon_slice":63,"minecraft:sugar_cane":50,"minecraft:dark_oak_sapling":1,"minecraft:stick":234,"minecraft:torch":28,"minecraft:acacia_log":5,"minecraft:diamond_chestplate":1,"minecraft:rotten_flesh":9,"minecraft:beetroot_seeds":2,"minecraft:golden_hoe":2,"minecraft:diamond_boots":1,"minecraft:hay_block":105,"minecraft:obsidian":3,"minecraft:mutton":2,"minecraft:white_wool":4,"minecraft:cobblestone":20,"minecraft:lime_bed":12,"minecraft:water_bucket":1,"minecraft:glow_ink_sac":2,"minecraft:jungle_log":1,"minecraft:golden_leggings":2,"minecraft:acacia_wood":2,"minecraft:filled_map":3,"minecraft:flint":20,"minecraft:tuff":6,"minecraft:oak_log":4,"minecraft:lily_pad":1,"minecraft:acacia_boat":1,"minecraft:paper":6,"minecraft:lapis_lazuli":17,"minecraft:dirt":6,"minecraft:cooked_mutton":1,"minecraft:bone":2,"minecraft:acacia_planks":8,"minecraft:wheat_seeds":18,"minecraft:iron_ingot":8,"minecraft:diamond_helmet":1,"minecraft:iron_sword":5,"minecraft:acacia_sapling":1,"minecraft:gravel":5,"minecraft:sand":5,"minecraft:spruce_sapling":1,"minecraft:spruce_log":8,"minecraft:spider_eye":7,"minecraft:diamond":81,"minecraft:diamond_axe":1,"minecraft:granite":7,"minecraft:emerald":4,"minecraft:bread":512,"minecraft:netherrack":5,"minecraft:coal":18,"minecraft:diamond_pickaxe":1},"minecraft:killed":{"minecraft:armadillo":1,"minecraft:spider":2,"minecraft:skeleton":3,"minecraft:husk":1,"minecraft:iron_golem":2,"minecraft:sheep":2,"minecraft:zombie":7,"minecraft:villager":1},"minecraft:dropped":{"minecraft:iron_ingot":7,"minecraft:bread":15,"minecraft:iron_sword":1,"minecraft:wheat_seeds":2,"minecraft:emerald":2,"minecraft:flint":7,"minecraft:melon_slice":63,"minecraft:iron_leggings":1,"minecraft:golden_hoe":1,"minecraft:spruce_sapling":1,"minecraft:compass":1,"minecraft:wheat":25,"minecraft:rotten_flesh":4,"minecraft:enchanted_golden_apple":2,"minecraft:flint_and_steel":1,"minecraft:filled_map":1,"minecraft:poppy":1,"minecraft:hay_block":31,"minecraft:shield":1,"minecraft:beetroot_seeds":1,"minecraft:golden_leggings":1,"minecraft:spider_eye":3},"minecraft:killed_by":{"minecraft:player":4,"minecraft:skeleton":1,"minecraft:zombie":1},"minecraft:crafted":{"minecraft:oak_planks":4,"minecraft:diamond_helmet":1,"minecraft:diamond_leggings":1,"minecraft:chest":2,"minecraft:diamond_boots":1,"minecraft:wheat":270,"minecraft:diamond_sword":1,"minecraft:diamond_axe":1,"minecraft:crafting_table":4,"minecraft:spruce_planks":32,"minecraft:acacia_boat":1,"minecraft:bread":93,"minecraft:jungle_planks":4,"minecraft:diamond_pickaxe":1,"minecraft:shield":1,"minecraft:acacia_planks":24,"minecraft:torch":36,"minecraft:diamond_chestplate":1},"minecraft:used":{"minecraft:flint_and_steel":86,"minecraft:chest":2,"minecraft:shield":30,"minecraft:iron_sword":83,"minecraft:rotten_flesh":2,"minecraft:netherrack":5,"minecraft:torch":12,"minecraft:dirt":6,"minecraft:diamond_helmet":1,"minecraft:acacia_sapling":1,"minecraft:granite":4,"minecraft:obsidian":4,"minecraft:iron_axe":6,"minecraft:diamond_chestplate":1,"minecraft:acacia_wood":1,"minecraft:acacia_planks":13,"minecraft:cobbled_deepslate":41,"minecraft:iron_leggings":2,"minecraft:cooked_mutton":1,"minecraft:acacia_boat":1,"minecraft:water_bucket":39,"minecraft:diamond_boots":1,"minecraft:diamond_axe":11,"minecraft:sugar_cane":9,"minecraft:golden_hoe":17,"minecraft:sand":5,"minecraft:crafting_table":5,"minecraft:lime_bed":7,"minecraft:oak_log":3,"minecraft:diamond_pickaxe":4,"minecraft:bread":77,"minecraft:map":1,"minecraft:iron_pickaxe":234,"minecraft:diamond_sword":15,"minecraft:cobblestone":17,"minecraft:bucket":40,"minecraft:diamond_leggings":1},"minecraft:custom":{"minecraft:mob_kills":20,"minecraft:interact_with_crafting_table":10,"minecraft:leave_game":2,"minecraft:time_since_death":28593,"minecraft:climb_one_cm":412,"minecraft:sprint_one_cm":413273,"minecraft:walk_one_cm":251776,"minecraft:damage_blocked_by_shield":618,"minecraft:drop":71,"minecraft:talked_to_villager":2,"minecraft:play_time":119632,"minecraft:deaths":7,"minecraft:sneak_time":5119,"minecraft:walk_under_water_one_cm":25390,"minecraft:boat_one_cm":23698,"minecraft:jump":4066,"minecraft:walk_on_water_one_cm":35140,"minecraft:total_world_time":119632,"minecraft:sleep_in_bed":8,"minecraft:time_since_rest":5271,"minecraft:damage_taken":5126,"minecraft:damage_dealt":5714,"minecraft:swim_one_cm":72042,"minecraft:fly_one_cm":861471,"minecraft:player_kills":5,"minecraft:open_chest":8,"minecraft:crouch_one_cm":10314,"minecraft:fall_one_cm":146708,"minecraft:horse_one_cm":1638},"minecraft:mined":{"minecraft:tuff":6,"minecraft:dark_oak_leaves":24,"minecraft:deepslate_diamond_ore":81,"minecraft:granite":4,"minecraft:acacia_log":5,"minecraft:grass_block":2,"minecraft:jungle_log":1,"minecraft:spruce_leaves":35,"minecraft:hay_block":58,"minecraft:tall_seagrass":6,"minecraft:fire":69,"minecraft:acacia_wood":1,"minecraft:deepslate_lapis_ore":3,"minecraft:stone":20,"minecraft:glass_pane":2,"minecraft:torch":1,"minecraft:short_grass":23,"minecraft:dead_bush":49,"minecraft:tall_grass":5,"minecraft:sugar_cane":7,"minecraft:seagrass":1,"minecraft:lime_bed":5,"minecraft:spruce_log":8,"minecraft:bee_nest":1,"minecraft:oak_log":4,"minecraft:gravel":5,"minecraft:sand":3,"minecraft:dirt":5,"minecraft:acacia_planks":2,"minecraft:netherrack":5,"minecraft:oak_leaves":8,"minecraft:deepslate":114},"minecraft:broken":{"minecraft:iron_pickaxe":1}},"DataVersion":3953}