{"stats":{"minecraft:custom":{"minecraft:jump":41,"minecraft:time_since_rest":2750,"minecraft:damage_dealt":47,"minecraft:crouch_one_cm":58,"minecraft:sprint_one_cm":3208,"minecraft:play_time":2750,"minecraft:time_since_death":2750,"minecraft:walk_one_cm":1175,"minecraft:climb_one_cm":254,"minecraft:sneak_time":14,"minecraft:total_world_time":2750,"minecraft:drop":1,"minecraft:fall_one_cm":1045,"minecraft:fly_one_cm":10474},"minecraft:picked_up":{"minecraft:jungle_log":1,"minecraft:wheat_seeds":1},"minecraft:mined":{"minecraft:short_grass":4,"minecraft:vine":1,"minecraft:jungle_log":1},"minecraft:dropped":{"minecraft:wheat_seeds":1},"minecraft:used":{"minecraft:jungle_log":1}},"DataVersion":3953}