{"stats":{"minecraft:crafted":{"minecraft:smooth_stone":3,"minecraft:oak_planks":44,"minecraft:chainmail_helmet":9,"minecraft:furnace":1,"minecraft:blast_furnace":1,"minecraft:stone":3,"minecraft:bone_meal":39,"minecraft:bookshelf":5,"minecraft:diamond_helmet":1,"minecraft:diamond_leggings":1,"minecraft:iron_boots":11,"minecraft:stone_pickaxe":1,"minecraft:chest":4,"minecraft:diamond_boots":1,"minecraft:chainmail_leggings":24,"minecraft:wheat":342,"minecraft:emerald":181,"minecraft:diamond_axe":1,"minecraft:crafting_table":2,"minecraft:spruce_planks":2980,"minecraft:acacia_slab":18,"minecraft:iron_helmet":1,"minecraft:acacia_trapdoor":2,"minecraft:fletching_table":3,"minecraft:bucket":1,"minecraft:acacia_stairs":4,"minecraft:stone_axe":1,"minecraft:enchanted_book":2,"minecraft:bread":101,"minecraft:air":0,"minecraft:oak_boat":1,"minecraft:lectern":3,"minecraft:iron_chestplate":1,"minecraft:book":11,"minecraft:paper":126,"minecraft:stick":6192,"minecraft:iron_ingot":1,"minecraft:wooden_axe":1,"minecraft:stone_sword":1,"minecraft:iron_shovel":1,"minecraft:white_bed":8,"minecraft:acacia_planks":388,"minecraft:shears":1,"minecraft:diamond_chestplate":1},"minecraft:killed_by":{"minecraft:player":6,"minecraft:enderman":1,"minecraft:skeleton":1},"minecraft:killed":{"minecraft:spider":5,"minecraft:horse":3,"minecraft:skeleton":8,"minecraft:iron_golem":5,"minecraft:creeper":6,"minecraft:sheep":2,"minecraft:zombie":17,"minecraft:villager":1,"minecraft:enderman":2,"minecraft:cow":8},"minecraft:custom":{"minecraft:mob_kills":61,"minecraft:interact_with_crafting_table":40,"minecraft:leave_game":4,"minecraft:time_since_death":190889,"minecraft:climb_one_cm":426,"minecraft:sprint_one_cm":402489,"minecraft:walk_one_cm":547977,"minecraft:damage_blocked_by_shield":108,"minecraft:drop":134,"minecraft:talked_to_villager":343,"minecraft:play_time":244934,"minecraft:deaths":9,"minecraft:sneak_time":11040,"minecraft:walk_under_water_one_cm":9231,"minecraft:boat_one_cm":147422,"minecraft:jump":5876,"minecraft:interact_with_blast_furnace":3,"minecraft:walk_on_water_one_cm":20295,"minecraft:total_world_time":244934,"minecraft:interact_with_furnace":7,"minecraft:traded_with_villager":231,"minecraft:sleep_in_bed":11,"minecraft:time_since_rest":17774,"minecraft:damage_taken":4240,"minecraft:damage_dealt":17378,"minecraft:swim_one_cm":170253,"minecraft:fly_one_cm":1139807,"minecraft:player_kills":3,"minecraft:open_chest":131,"minecraft:crouch_one_cm":44952,"minecraft:fall_one_cm":158114},"minecraft:mined":{"minecraft:white_bed":11,"minecraft:brewing_stand":5,"minecraft:acacia_log":68,"minecraft:grass_block":39,"minecraft:spruce_leaves":63,"minecraft:hay_block":14,"minecraft:spruce_sapling":1,"minecraft:furnace":1,"minecraft:acacia_trapdoor":2,"minecraft:fire":31,"minecraft:acacia_wood":30,"minecraft:acacia_stairs":2,"minecraft:fletching_table":21,"minecraft:bookshelf":2,"minecraft:dirt_path":1,"minecraft:stone":25,"minecraft:white_wool":1,"minecraft:orange_bed":20,"minecraft:podzol":36,"minecraft:acacia_leaves":8,"minecraft:glass_pane":2,"minecraft:red_bed":9,"minecraft:crafting_table":7,"minecraft:short_grass":170,"minecraft:blast_furnace":5,"minecraft:melon":17,"minecraft:dead_bush":6,"minecraft:lectern":101,"minecraft:tall_grass":15,"minecraft:cobblestone":17,"minecraft:sugar_cane":120,"minecraft:oak_planks":13,"minecraft:lime_bed":2,"minecraft:wheat":3,"minecraft:spruce_log":748,"minecraft:oak_log":12,"minecraft:sand":3,"minecraft:dirt":21,"minecraft:acacia_planks":44,"minecraft:oak_leaves":7},"minecraft:picked_up":{"minecraft:crafting_table":9,"minecraft:wheat":29,"minecraft:golden_pickaxe":2,"minecraft:brewing_stand":5,"minecraft:shield":1,"minecraft:golden_sword":1,"minecraft:string":8,"minecraft:red_bed":10,"minecraft:flint_and_steel":1,"minecraft:iron_leggings":1,"minecraft:compass":1,"minecraft:red_sand":19,"minecraft:gold_nugget":16,"minecraft:beef":20,"minecraft:oak_boat":17,"minecraft:poppy":10,"minecraft:enchanted_golden_apple":1,"minecraft:lectern":101,"minecraft:melon_slice":166,"minecraft:sugar_cane":228,"minecraft:furnace":1,"minecraft:stick":45,"minecraft:acacia_log":68,"minecraft:torch":2,"minecraft:bowl":1,"minecraft:golden_axe":1,"minecraft:orange_bed":23,"minecraft:arrow":8,"minecraft:rotten_flesh":31,"minecraft:beetroot_seeds":2,"minecraft:golden_hoe":3,"minecraft:hay_block":53,"minecraft:armadillo_scute":2,"minecraft:obsidian":10,"minecraft:mutton":2,"minecraft:cobblestone":42,"minecraft:white_wool":26,"minecraft:lime_bed":1,"minecraft:leather":11,"minecraft:golden_leggings":5,"minecraft:acacia_wood":30,"minecraft:flint":10,"minecraft:oak_log":12,"minecraft:gunpowder":2,"minecraft:dirt":147,"minecraft:orange_terracotta":4,"minecraft:bone":12,"minecraft:acacia_planks":46,"minecraft:acacia_trapdoor":3,"minecraft:wheat_seeds":40,"minecraft:iron_ingot":34,"minecraft:fletching_table":21,"minecraft:acacia_sapling":9,"minecraft:oak_planks":22,"minecraft:iron_sword":1,"minecraft:book":6,"minecraft:sand":2,"minecraft:spruce_sapling":73,"minecraft:blast_furnace":5,"minecraft:white_bed":11,"minecraft:spruce_log":746,"minecraft:acacia_stairs":2,"minecraft:spider_eye":8,"minecraft:short_grass":7,"minecraft:bread":125,"minecraft:chainmail_helmet":4,"minecraft:oak_sapling":1,"minecraft:melon_seeds":2,"minecraft:ender_pearl":2},"minecraft:broken":{"minecraft:golden_sword":1},"minecraft:used":{"minecraft:stone_sword":10,"minecraft:red_sand":1,"minecraft:iron_shovel":58,"minecraft:chest":4,"minecraft:shield":2,"minecraft:iron_sword":208,"minecraft:rotten_flesh":1,"minecraft:orange_bed":21,"minecraft:brewing_stand":5,"minecraft:dirt":115,"minecraft:wooden_axe":42,"minecraft:bookshelf":2,"minecraft:golden_sword":28,"minecraft:furnace":1,"minecraft:acacia_planks":167,"minecraft:golden_axe":5,"minecraft:water_bucket":16,"minecraft:acacia_trapdoor":5,"minecraft:stone_pickaxe":35,"minecraft:oak_planks":35,"minecraft:fletching_table":24,"minecraft:diamond_axe":1047,"minecraft:sugar_cane":38,"minecraft:crafting_table":8,"minecraft:red_bed":9,"minecraft:blast_furnace":6,"minecraft:white_bed":19,"minecraft:shears":1,"minecraft:spruce_log":1,"minecraft:acacia_stairs":2,"minecraft:bread":59,"minecraft:melon_slice":4,"minecraft:lectern":103,"minecraft:spruce_sapling":49,"minecraft:golden_leggings":3,"minecraft:stone_axe":107,"minecraft:cobblestone":26,"minecraft:bucket":16,"minecraft:oak_boat":17,"minecraft:bone_meal":39,"minecraft:golden_pickaxe":31},"minecraft:dropped":{"minecraft:iron_ingot":4,"minecraft:bread":99,"minecraft:wheat_seeds":15,"minecraft:golden_axe":1,"minecraft:chainmail_helmet":13,"minecraft:stick":1,"minecraft:flint":3,"minecraft:golden_hoe":2,"minecraft:chainmail_leggings":24,"minecraft:iron_boots":11,"minecraft:enchanted_golden_apple":1,"minecraft:golden_leggings":2,"minecraft:spider_eye":2}},"DataVersion":3953}