{"stats":{"minecraft:killed_by":{"minecraft:player":1},"minecraft:killed":{"minecraft:zombie":1},"minecraft:dropped":{"minecraft:stick":1},"minecraft:custom":{"minecraft:time_since_rest":4109,"minecraft:open_chest":1,"minecraft:crouch_one_cm":313,"minecraft:play_time":5966,"minecraft:sprint_one_cm":11332,"minecraft:walk_one_cm":11543,"minecraft:damage_taken":383,"minecraft:deaths":1,"minecraft:sneak_time":73,"minecraft:walk_under_water_one_cm":163,"minecraft:mob_kills":1,"minecraft:drop":1,"minecraft:jump":160,"minecraft:damage_dealt":289,"minecraft:time_since_death":4083,"minecraft:walk_on_water_one_cm":1618,"minecraft:total_world_time":5966,"minecraft:fall_one_cm":5134,"minecraft:fly_one_cm":36519},"minecraft:picked_up":{"minecraft:stick":2,"minecraft:sugar_cane":11},"minecraft:mined":{"minecraft:sugar_cane":6}},"DataVersion":3953}