{"stats":{"minecraft:crafted":{"minecraft:oak_planks":44,"minecraft:smooth_stone":3,"minecraft:chainmail_helmet":9,"minecraft:iron_nugget":18,"minecraft:chain":7,"minecraft:furnace":1,"minecraft:blast_furnace":1,"minecraft:stone":3,"minecraft:bone_meal":78,"minecraft:diamond_shovel":1,"minecraft:bookshelf":7,"minecraft:diamond_helmet":1,"minecraft:diamond_leggings":1,"minecraft:iron_boots":11,"minecraft:iron_axe":2,"minecraft:stone_pickaxe":1,"minecraft:chiseled_bookshelf":3,"minecraft:chest":4,"minecraft:diamond_boots":1,"minecraft:chainmail_leggings":24,"minecraft:wheat":342,"minecraft:diamond_sword":1,"minecraft:emerald":309,"minecraft:diamond_axe":1,"minecraft:crafting_table":3,"minecraft:spruce_planks":5636,"minecraft:enchanting_table":1,"minecraft:acacia_slab":24,"minecraft:iron_helmet":1,"minecraft:acacia_trapdoor":2,"minecraft:fletching_table":3,"minecraft:bucket":1,"minecraft:acacia_stairs":4,"minecraft:stone_axe":1,"minecraft:enchanted_book":6,"minecraft:bread":122,"minecraft:air":0,"minecraft:oak_boat":1,"minecraft:lectern":3,"minecraft:book":19,"minecraft:iron_chestplate":1,"minecraft:paper":201,"minecraft:stick":11552,"minecraft:iron_ingot":4,"minecraft:wooden_axe":1,"minecraft:stone_sword":1,"minecraft:iron_shovel":1,"minecraft:white_bed":8,"minecraft:acacia_planks":448,"minecraft:shears":1,"minecraft:diamond_chestplate":1},"minecraft:used":{"minecraft:enchanting_table":2,"minecraft:stone_sword":10,"minecraft:red_sand":1,"minecraft:iron_shovel":262,"minecraft:chest":4,"minecraft:shield":7,"minecraft:iron_sword":229,"minecraft:rotten_flesh":1,"minecraft:orange_bed":21,"minecraft:brewing_stand":5,"minecraft:dirt":635,"minecraft:golden_shovel":1,"minecraft:wooden_axe":42,"minecraft:iron_axe":349,"minecraft:bookshelf":4,"minecraft:grass_block":1,"minecraft:golden_sword":28,"minecraft:furnace":1,"minecraft:acacia_planks":205,"minecraft:golden_axe":5,"minecraft:water_bucket":16,"minecraft:chiseled_bookshelf":3,"minecraft:acacia_trapdoor":8,"minecraft:stone_pickaxe":68,"minecraft:oak_planks":35,"minecraft:fletching_table":31,"minecraft:sugar_cane":39,"minecraft:diamond_axe":1544,"minecraft:crafting_table":9,"minecraft:red_bed":9,"minecraft:blast_furnace":6,"minecraft:white_bed":26,"minecraft:book":4,"minecraft:shears":1,"minecraft:spruce_log":1,"minecraft:acacia_stairs":2,"minecraft:diamond_shovel":198,"minecraft:bread":84,"minecraft:melon_slice":17,"minecraft:lectern":118,"minecraft:spruce_sapling":111,"minecraft:golden_leggings":3,"minecraft:stone_axe":107,"minecraft:diamond_sword":120,"minecraft:enchanted_book":8,"minecraft:cobblestone":29,"minecraft:bucket":16,"minecraft:chain":13,"minecraft:oak_boat":20,"minecraft:bone_meal":78,"minecraft:golden_pickaxe":31},"minecraft:killed_by":{"minecraft:player":6,"minecraft:enderman":1,"minecraft:skeleton":1},"minecraft:dropped":{"minecraft:iron_ingot":4,"minecraft:bread":106,"minecraft:wheat_seeds":15,"minecraft:golden_axe":1,"minecraft:chainmail_helmet":13,"minecraft:stick":1,"minecraft:flint":3,"minecraft:golden_hoe":2,"minecraft:chainmail_leggings":24,"minecraft:iron_boots":11,"minecraft:enchanted_golden_apple":1,"minecraft:poppy":2,"minecraft:golden_leggings":2,"minecraft:spider_eye":2},"minecraft:mined":{"minecraft:yellow_terracotta":6,"minecraft:white_bed":18,"minecraft:brewing_stand":5,"minecraft:chiseled_bookshelf":1,"minecraft:acacia_log":84,"minecraft:grass_block":238,"minecraft:spruce_leaves":97,"minecraft:hay_block":14,"minecraft:tall_seagrass":1,"minecraft:spruce_sapling":7,"minecraft:furnace":1,"minecraft:acacia_trapdoor":5,"minecraft:fire":31,"minecraft:acacia_wood":31,"minecraft:acacia_stairs":2,"minecraft:fletching_table":28,"minecraft:enchanting_table":1,"minecraft:bookshelf":2,"minecraft:dirt_path":6,"minecraft:stone":28,"minecraft:white_wool":1,"minecraft:orange_bed":20,"minecraft:podzol":124,"minecraft:acacia_leaves":18,"minecraft:glass_pane":4,"minecraft:red_bed":9,"minecraft:crafting_table":8,"minecraft:short_grass":221,"minecraft:blast_furnace":5,"minecraft:melon":17,"minecraft:dead_bush":6,"minecraft:lectern":115,"minecraft:tall_grass":25,"minecraft:cobblestone":23,"minecraft:sugar_cane":153,"minecraft:oak_planks":13,"minecraft:wall_torch":1,"minecraft:chain":6,"minecraft:red_terracotta":9,"minecraft:lime_bed":2,"minecraft:wheat":6,"minecraft:spruce_log":1413,"minecraft:oak_log":12,"minecraft:sand":3,"minecraft:dirt":120,"minecraft:acacia_planks":61,"minecraft:oak_leaves":7},"minecraft:custom":{"minecraft:mob_kills":125,"minecraft:interact_with_crafting_table":61,"minecraft:leave_game":9,"minecraft:time_since_death":293029,"minecraft:climb_one_cm":820,"minecraft:sprint_one_cm":579526,"minecraft:walk_one_cm":799866,"minecraft:damage_blocked_by_shield":414,"minecraft:drop":142,"minecraft:talked_to_villager":460,"minecraft:play_time":347074,"minecraft:deaths":9,"minecraft:sneak_time":19210,"minecraft:walk_under_water_one_cm":12017,"minecraft:boat_one_cm":171618,"minecraft:jump":8103,"minecraft:interact_with_brewingstand":1,"minecraft:interact_with_blast_furnace":4,"minecraft:walk_on_water_one_cm":24269,"minecraft:enchant_item":2,"minecraft:total_world_time":347074,"minecraft:interact_with_furnace":7,"minecraft:traded_with_villager":365,"minecraft:sleep_in_bed":14,"minecraft:time_since_rest":734,"minecraft:damage_taken":5218,"minecraft:damage_dealt":29339,"minecraft:swim_one_cm":178412,"minecraft:fly_one_cm":1567226,"minecraft:player_kills":3,"minecraft:open_chest":224,"minecraft:crouch_one_cm":83324,"minecraft:fall_one_cm":197152},"minecraft:broken":{"minecraft:iron_shovel":1,"minecraft:golden_sword":1,"minecraft:iron_axe":1,"minecraft:iron_sword":1},"minecraft:killed":{"minecraft:witch":1,"minecraft:spider":13,"minecraft:phantom":1,"minecraft:horse":3,"minecraft:skeleton":21,"minecraft:drowned":1,"minecraft:iron_golem":6,"minecraft:creeper":15,"minecraft:sheep":3,"minecraft:zombie":36,"minecraft:villager":1,"minecraft:enderman":2,"minecraft:cow":16},"minecraft:picked_up":{"minecraft:crafting_table":10,"minecraft:wheat":36,"minecraft:golden_pickaxe":2,"minecraft:chain":6,"minecraft:brewing_stand":5,"minecraft:shield":1,"minecraft:golden_sword":1,"minecraft:string":10,"minecraft:red_bed":10,"minecraft:acacia_door":1,"minecraft:flint_and_steel":1,"minecraft:iron_leggings":1,"minecraft:compass":1,"minecraft:red_sand":19,"minecraft:gold_nugget":16,"minecraft:beef":34,"minecraft:oak_boat":20,"minecraft:poppy":16,"minecraft:lectern":115,"minecraft:enchanted_golden_apple":1,"minecraft:melon_slice":166,"minecraft:sugar_cane":295,"minecraft:furnace":1,"minecraft:stick":81,"minecraft:acacia_log":83,"minecraft:torch":3,"minecraft:bowl":1,"minecraft:golden_axe":1,"minecraft:redstone":8,"minecraft:orange_bed":23,"minecraft:arrow":16,"minecraft:rotten_flesh":73,"minecraft:beetroot_seeds":2,"minecraft:golden_hoe":3,"minecraft:hay_block":53,"minecraft:armadillo_scute":2,"minecraft:yellow_terracotta":6,"minecraft:obsidian":10,"minecraft:mutton":3,"minecraft:white_wool":27,"minecraft:cobblestone":51,"minecraft:enchanting_table":1,"minecraft:lime_bed":1,"minecraft:leather":19,"minecraft:golden_leggings":5,"minecraft:acacia_wood":31,"minecraft:flint":10,"minecraft:oak_log":12,"minecraft:gunpowder":11,"minecraft:dirt":641,"minecraft:orange_terracotta":4,"minecraft:bone":28,"minecraft:acacia_planks":63,"minecraft:bow":1,"minecraft:acacia_trapdoor":6,"minecraft:wheat_seeds":76,"minecraft:iron_ingot":46,"minecraft:fletching_table":28,"minecraft:acacia_sapling":9,"minecraft:oak_planks":22,"minecraft:iron_sword":1,"minecraft:book":7,"minecraft:sand":2,"minecraft:spruce_sapling":165,"minecraft:blast_furnace":5,"minecraft:grass_block":1,"minecraft:white_bed":18,"minecraft:spruce_log":1410,"minecraft:acacia_stairs":2,"minecraft:red_terracotta":9,"minecraft:spider_eye":10,"minecraft:short_grass":7,"minecraft:bread":125,"minecraft:chainmail_helmet":4,"minecraft:oak_sapling":1,"minecraft:melon_seeds":2,"minecraft:ender_pearl":4}},"DataVersion":3953}