{"stats":{"minecraft:crafted":{"minecraft:smooth_stone":3,"minecraft:oak_planks":44,"minecraft:chainmail_helmet":9,"minecraft:iron_nugget":18,"minecraft:chain":7,"minecraft:furnace":1,"minecraft:blast_furnace":1,"minecraft:stone":3,"minecraft:bone_meal":39,"minecraft:bookshelf":5,"minecraft:diamond_helmet":1,"minecraft:diamond_leggings":1,"minecraft:iron_boots":11,"minecraft:stone_pickaxe":1,"minecraft:chest":4,"minecraft:diamond_boots":1,"minecraft:chainmail_leggings":24,"minecraft:wheat":342,"minecraft:diamond_sword":1,"minecraft:emerald":183,"minecraft:diamond_axe":1,"minecraft:crafting_table":2,"minecraft:spruce_planks":2980,"minecraft:enchanting_table":1,"minecraft:acacia_slab":18,"minecraft:iron_helmet":1,"minecraft:acacia_trapdoor":2,"minecraft:fletching_table":3,"minecraft:bucket":1,"minecraft:acacia_stairs":4,"minecraft:stone_axe":1,"minecraft:enchanted_book":2,"minecraft:bread":101,"minecraft:air":0,"minecraft:oak_boat":1,"minecraft:lectern":3,"minecraft:iron_chestplate":1,"minecraft:book":11,"minecraft:paper":126,"minecraft:stick":6200,"minecraft:iron_ingot":2,"minecraft:wooden_axe":1,"minecraft:stone_sword":1,"minecraft:iron_shovel":1,"minecraft:white_bed":8,"minecraft:acacia_planks":428,"minecraft:shears":1,"minecraft:diamond_chestplate":1},"minecraft:used":{"minecraft:enchanting_table":1,"minecraft:stone_sword":10,"minecraft:red_sand":1,"minecraft:iron_shovel":262,"minecraft:chest":4,"minecraft:shield":6,"minecraft:iron_sword":229,"minecraft:rotten_flesh":1,"minecraft:orange_bed":21,"minecraft:brewing_stand":5,"minecraft:dirt":281,"minecraft:wooden_axe":42,"minecraft:bookshelf":2,"minecraft:golden_sword":28,"minecraft:furnace":1,"minecraft:acacia_planks":205,"minecraft:golden_axe":5,"minecraft:water_bucket":16,"minecraft:acacia_trapdoor":8,"minecraft:stone_pickaxe":55,"minecraft:oak_planks":35,"minecraft:fletching_table":25,"minecraft:sugar_cane":38,"minecraft:diamond_axe":1140,"minecraft:crafting_table":8,"minecraft:red_bed":9,"minecraft:blast_furnace":6,"minecraft:white_bed":26,"minecraft:shears":1,"minecraft:spruce_log":1,"minecraft:acacia_stairs":2,"minecraft:bread":70,"minecraft:melon_slice":4,"minecraft:lectern":118,"minecraft:spruce_sapling":49,"minecraft:golden_leggings":3,"minecraft:stone_axe":107,"minecraft:diamond_sword":36,"minecraft:cobblestone":29,"minecraft:bucket":16,"minecraft:chain":13,"minecraft:oak_boat":20,"minecraft:bone_meal":39,"minecraft:golden_pickaxe":31},"minecraft:killed_by":{"minecraft:player":6,"minecraft:enderman":1,"minecraft:skeleton":1},"minecraft:mined":{"minecraft:white_bed":18,"minecraft:brewing_stand":5,"minecraft:acacia_log":79,"minecraft:grass_block":163,"minecraft:spruce_leaves":63,"minecraft:hay_block":14,"minecraft:tall_seagrass":1,"minecraft:spruce_sapling":1,"minecraft:furnace":1,"minecraft:acacia_trapdoor":5,"minecraft:fire":31,"minecraft:acacia_wood":31,"minecraft:acacia_stairs":2,"minecraft:fletching_table":22,"minecraft:bookshelf":2,"minecraft:dirt_path":6,"minecraft:stone":28,"minecraft:white_wool":1,"minecraft:orange_bed":20,"minecraft:podzol":69,"minecraft:acacia_leaves":8,"minecraft:glass_pane":2,"minecraft:red_bed":9,"minecraft:crafting_table":7,"minecraft:short_grass":212,"minecraft:blast_furnace":5,"minecraft:melon":17,"minecraft:dead_bush":6,"minecraft:lectern":115,"minecraft:tall_grass":23,"minecraft:cobblestone":23,"minecraft:sugar_cane":120,"minecraft:oak_planks":13,"minecraft:wall_torch":1,"minecraft:chain":6,"minecraft:red_terracotta":3,"minecraft:lime_bed":2,"minecraft:wheat":3,"minecraft:spruce_log":748,"minecraft:oak_log":12,"minecraft:sand":3,"minecraft:dirt":59,"minecraft:acacia_planks":61,"minecraft:oak_leaves":7},"minecraft:dropped":{"minecraft:iron_ingot":4,"minecraft:bread":106,"minecraft:wheat_seeds":15,"minecraft:golden_axe":1,"minecraft:chainmail_helmet":13,"minecraft:stick":1,"minecraft:flint":3,"minecraft:golden_hoe":2,"minecraft:chainmail_leggings":24,"minecraft:iron_boots":11,"minecraft:enchanted_golden_apple":1,"minecraft:golden_leggings":2,"minecraft:spider_eye":2},"minecraft:custom":{"minecraft:mob_kills":81,"minecraft:interact_with_crafting_table":48,"minecraft:leave_game":5,"minecraft:time_since_death":226292,"minecraft:climb_one_cm":426,"minecraft:sprint_one_cm":459103,"minecraft:walk_one_cm":646863,"minecraft:damage_blocked_by_shield":223,"minecraft:drop":141,"minecraft:talked_to_villager":385,"minecraft:play_time":280337,"minecraft:deaths":9,"minecraft:sneak_time":13201,"minecraft:walk_under_water_one_cm":11210,"minecraft:boat_one_cm":171618,"minecraft:interact_with_brewingstand":1,"minecraft:jump":6652,"minecraft:interact_with_blast_furnace":4,"minecraft:walk_on_water_one_cm":22740,"minecraft:total_world_time":280337,"minecraft:interact_with_furnace":7,"minecraft:traded_with_villager":233,"minecraft:sleep_in_bed":12,"minecraft:time_since_rest":17869,"minecraft:damage_taken":4706,"minecraft:damage_dealt":21566,"minecraft:swim_one_cm":176232,"minecraft:fly_one_cm":1298317,"minecraft:player_kills":3,"minecraft:open_chest":154,"minecraft:crouch_one_cm":55822,"minecraft:fall_one_cm":173075},"minecraft:broken":{"minecraft:iron_shovel":1,"minecraft:golden_sword":1,"minecraft:iron_sword":1},"minecraft:killed":{"minecraft:witch":1,"minecraft:spider":10,"minecraft:horse":3,"minecraft:skeleton":13,"minecraft:drowned":1,"minecraft:iron_golem":6,"minecraft:creeper":7,"minecraft:sheep":2,"minecraft:zombie":23,"minecraft:villager":1,"minecraft:enderman":2,"minecraft:cow":8},"minecraft:picked_up":{"minecraft:crafting_table":9,"minecraft:wheat":29,"minecraft:golden_pickaxe":2,"minecraft:chain":6,"minecraft:brewing_stand":5,"minecraft:shield":1,"minecraft:golden_sword":1,"minecraft:string":8,"minecraft:red_bed":10,"minecraft:acacia_door":1,"minecraft:flint_and_steel":1,"minecraft:iron_leggings":1,"minecraft:compass":1,"minecraft:red_sand":19,"minecraft:gold_nugget":16,"minecraft:beef":20,"minecraft:oak_boat":20,"minecraft:poppy":12,"minecraft:enchanted_golden_apple":1,"minecraft:lectern":115,"minecraft:melon_slice":166,"minecraft:sugar_cane":228,"minecraft:furnace":1,"minecraft:stick":48,"minecraft:acacia_log":78,"minecraft:torch":2,"minecraft:bowl":1,"minecraft:golden_axe":1,"minecraft:redstone":8,"minecraft:orange_bed":23,"minecraft:arrow":12,"minecraft:rotten_flesh":47,"minecraft:beetroot_seeds":2,"minecraft:golden_hoe":3,"minecraft:hay_block":53,"minecraft:armadillo_scute":2,"minecraft:obsidian":10,"minecraft:mutton":2,"minecraft:cobblestone":48,"minecraft:white_wool":26,"minecraft:lime_bed":1,"minecraft:leather":11,"minecraft:golden_leggings":5,"minecraft:acacia_wood":31,"minecraft:flint":10,"minecraft:oak_log":12,"minecraft:gunpowder":3,"minecraft:dirt":346,"minecraft:orange_terracotta":4,"minecraft:bone":18,"minecraft:acacia_planks":63,"minecraft:bow":1,"minecraft:acacia_trapdoor":6,"minecraft:wheat_seeds":52,"minecraft:iron_ingot":43,"minecraft:fletching_table":22,"minecraft:acacia_sapling":9,"minecraft:oak_planks":22,"minecraft:iron_sword":1,"minecraft:book":6,"minecraft:sand":2,"minecraft:spruce_sapling":73,"minecraft:blast_furnace":5,"minecraft:white_bed":18,"minecraft:spruce_log":746,"minecraft:acacia_stairs":2,"minecraft:red_terracotta":3,"minecraft:spider_eye":8,"minecraft:short_grass":7,"minecraft:bread":125,"minecraft:chainmail_helmet":4,"minecraft:oak_sapling":1,"minecraft:melon_seeds":2,"minecraft:ender_pearl":3}},"DataVersion":3953}