{"stats":{"minecraft:mined":{"minecraft:white_bed":8,"minecraft:brewing_stand":5,"minecraft:acacia_log":63,"minecraft:grass_block":39,"minecraft:spruce_leaves":61,"minecraft:hay_block":14,"minecraft:spruce_sapling":1,"minecraft:furnace":1,"minecraft:acacia_trapdoor":2,"minecraft:fire":31,"minecraft:acacia_wood":30,"minecraft:acacia_stairs":2,"minecraft:fletching_table":20,"minecraft:bookshelf":2,"minecraft:dirt_path":1,"minecraft:stone":25,"minecraft:white_wool":1,"minecraft:orange_bed":15,"minecraft:podzol":36,"minecraft:acacia_leaves":8,"minecraft:glass_pane":2,"minecraft:red_bed":7,"minecraft:crafting_table":7,"minecraft:short_grass":144,"minecraft:blast_furnace":4,"minecraft:melon":17,"minecraft:dead_bush":6,"minecraft:lectern":99,"minecraft:tall_grass":14,"minecraft:cobblestone":17,"minecraft:oak_planks":13,"minecraft:sugar_cane":84,"minecraft:lime_bed":2,"minecraft:wheat":2,"minecraft:spruce_log":748,"minecraft:oak_log":12,"minecraft:sand":3,"minecraft:dirt":18,"minecraft:acacia_planks":35,"minecraft:oak_leaves":7},"minecraft:picked_up":{"minecraft:crafting_table":9,"minecraft:wheat":29,"minecraft:golden_pickaxe":2,"minecraft:brewing_stand":5,"minecraft:shield":1,"minecraft:golden_sword":1,"minecraft:string":7,"minecraft:red_bed":8,"minecraft:flint_and_steel":1,"minecraft:iron_leggings":1,"minecraft:compass":1,"minecraft:red_sand":19,"minecraft:gold_nugget":16,"minecraft:beef":20,"minecraft:oak_boat":5,"minecraft:poppy":10,"minecraft:enchanted_golden_apple":1,"minecraft:lectern":99,"minecraft:melon_slice":166,"minecraft:sugar_cane":158,"minecraft:furnace":1,"minecraft:stick":44,"minecraft:acacia_log":63,"minecraft:torch":2,"minecraft:bowl":1,"minecraft:golden_axe":1,"minecraft:orange_bed":18,"minecraft:arrow":8,"minecraft:rotten_flesh":31,"minecraft:beetroot_seeds":2,"minecraft:golden_hoe":3,"minecraft:hay_block":53,"minecraft:armadillo_scute":1,"minecraft:mutton":2,"minecraft:obsidian":10,"minecraft:cobblestone":42,"minecraft:white_wool":17,"minecraft:lime_bed":1,"minecraft:leather":11,"minecraft:golden_leggings":5,"minecraft:acacia_wood":30,"minecraft:flint":10,"minecraft:oak_log":12,"minecraft:dirt":144,"minecraft:orange_terracotta":4,"minecraft:bone":12,"minecraft:acacia_planks":37,"minecraft:acacia_trapdoor":3,"minecraft:wheat_seeds":40,"minecraft:iron_ingot":34,"minecraft:fletching_table":20,"minecraft:acacia_sapling":9,"minecraft:oak_planks":22,"minecraft:iron_sword":1,"minecraft:book":6,"minecraft:sand":2,"minecraft:spruce_sapling":73,"minecraft:blast_furnace":4,"minecraft:white_bed":8,"minecraft:spruce_log":746,"minecraft:acacia_stairs":2,"minecraft:spider_eye":8,"minecraft:short_grass":5,"minecraft:bread":125,"minecraft:chainmail_helmet":4,"minecraft:oak_sapling":1,"minecraft:melon_seeds":1,"minecraft:ender_pearl":2},"minecraft:broken":{"minecraft:golden_sword":1},"minecraft:dropped":{"minecraft:iron_ingot":4,"minecraft:bread":39,"minecraft:wheat_seeds":15,"minecraft:golden_axe":1,"minecraft:chainmail_helmet":13,"minecraft:stick":1,"minecraft:flint":3,"minecraft:golden_hoe":2,"minecraft:chainmail_leggings":24,"minecraft:iron_boots":11,"minecraft:enchanted_golden_apple":1,"minecraft:golden_leggings":2,"minecraft:spider_eye":2},"minecraft:custom":{"minecraft:mob_kills":52,"minecraft:interact_with_crafting_table":38,"minecraft:leave_game":3,"minecraft:time_since_death":150189,"minecraft:climb_one_cm":426,"minecraft:sprint_one_cm":325479,"minecraft:walk_one_cm":434175,"minecraft:damage_blocked_by_shield":108,"minecraft:drop":74,"minecraft:talked_to_villager":259,"minecraft:play_time":204234,"minecraft:deaths":9,"minecraft:sneak_time":10872,"minecraft:walk_under_water_one_cm":8837,"minecraft:boat_one_cm":76498,"minecraft:jump":4740,"minecraft:interact_with_blast_furnace":3,"minecraft:walk_on_water_one_cm":17951,"minecraft:total_world_time":204234,"minecraft:interact_with_furnace":7,"minecraft:traded_with_villager":231,"minecraft:sleep_in_bed":9,"minecraft:time_since_rest":31732,"minecraft:damage_taken":4106,"minecraft:damage_dealt":15413,"minecraft:swim_one_cm":164744,"minecraft:fly_one_cm":893196,"minecraft:player_kills":3,"minecraft:open_chest":108,"minecraft:crouch_one_cm":44140,"minecraft:fall_one_cm":129587},"minecraft:killed_by":{"minecraft:player":6,"minecraft:enderman":1,"minecraft:skeleton":1},"minecraft:crafted":{"minecraft:smooth_stone":3,"minecraft:oak_planks":44,"minecraft:chainmail_helmet":9,"minecraft:furnace":1,"minecraft:blast_furnace":1,"minecraft:stone":3,"minecraft:bone_meal":39,"minecraft:bookshelf":5,"minecraft:diamond_helmet":1,"minecraft:diamond_leggings":1,"minecraft:iron_boots":11,"minecraft:stone_pickaxe":1,"minecraft:chest":4,"minecraft:diamond_boots":1,"minecraft:chainmail_leggings":24,"minecraft:wheat":342,"minecraft:emerald":181,"minecraft:diamond_axe":1,"minecraft:crafting_table":2,"minecraft:spruce_planks":2980,"minecraft:acacia_slab":18,"minecraft:iron_helmet":1,"minecraft:acacia_trapdoor":2,"minecraft:fletching_table":3,"minecraft:bucket":1,"minecraft:acacia_stairs":4,"minecraft:stone_axe":1,"minecraft:enchanted_book":2,"minecraft:bread":101,"minecraft:air":0,"minecraft:oak_boat":1,"minecraft:lectern":3,"minecraft:iron_chestplate":1,"minecraft:book":11,"minecraft:paper":57,"minecraft:stick":6192,"minecraft:iron_ingot":1,"minecraft:wooden_axe":1,"minecraft:stone_sword":1,"minecraft:iron_shovel":1,"minecraft:white_bed":5,"minecraft:acacia_planks":368,"minecraft:shears":1,"minecraft:diamond_chestplate":1},"minecraft:killed":{"minecraft:spider":4,"minecraft:horse":3,"minecraft:skeleton":7,"minecraft:iron_golem":5,"minecraft:creeper":1,"minecraft:sheep":2,"minecraft:zombie":15,"minecraft:villager":1,"minecraft:enderman":2,"minecraft:cow":8},"minecraft:used":{"minecraft:red_sand":1,"minecraft:stone_sword":10,"minecraft:iron_shovel":55,"minecraft:chest":4,"minecraft:shield":2,"minecraft:iron_sword":165,"minecraft:orange_bed":11,"minecraft:brewing_stand":5,"minecraft:dirt":112,"minecraft:wooden_axe":42,"minecraft:bookshelf":2,"minecraft:golden_sword":28,"minecraft:furnace":1,"minecraft:acacia_planks":156,"minecraft:golden_axe":5,"minecraft:water_bucket":16,"minecraft:acacia_trapdoor":3,"minecraft:stone_pickaxe":34,"minecraft:oak_planks":35,"minecraft:fletching_table":22,"minecraft:diamond_axe":984,"minecraft:sugar_cane":38,"minecraft:crafting_table":8,"minecraft:red_bed":5,"minecraft:blast_furnace":5,"minecraft:white_bed":10,"minecraft:shears":1,"minecraft:spruce_log":1,"minecraft:acacia_stairs":2,"minecraft:bread":48,"minecraft:melon_slice":4,"minecraft:lectern":100,"minecraft:spruce_sapling":49,"minecraft:golden_leggings":3,"minecraft:stone_axe":107,"minecraft:cobblestone":26,"minecraft:bucket":16,"minecraft:oak_boat":6,"minecraft:bone_meal":39,"minecraft:golden_pickaxe":31}},"DataVersion":3953}