{"stats":{"minecraft:used":{"minecraft:bread":5,"minecraft:golden_leggings":1,"minecraft:golden_axe":5},"minecraft:killed_by":{"minecraft:player":3,"minecraft:skeleton":1,"minecraft:enderman":1},"minecraft:killed":{"minecraft:zombie":1,"minecraft:villager":1},"minecraft:dropped":{"minecraft:iron_ingot":4,"minecraft:golden_leggings":1,"minecraft:golden_axe":1,"minecraft:spider_eye":2,"minecraft:enchanted_golden_apple":1,"minecraft:golden_hoe":2,"minecraft:stick":1,"minecraft:flint":3},"minecraft:custom":{"minecraft:time_since_rest":439,"minecraft:sprint_one_cm":55582,"minecraft:damage_taken":1448,"minecraft:walk_one_cm":41312,"minecraft:mob_kills":2,"minecraft:drop":10,"minecraft:damage_dealt":833,"minecraft:swim_one_cm":33111,"minecraft:fly_one_cm":196799,"minecraft:player_kills":1,"minecraft:open_chest":6,"minecraft:crouch_one_cm":3448,"minecraft:play_time":22833,"minecraft:deaths":5,"minecraft:sneak_time":596,"minecraft:walk_under_water_one_cm":1887,"minecraft:jump":866,"minecraft:leave_game":1,"minecraft:walk_on_water_one_cm":5407,"minecraft:time_since_death":0,"minecraft:sleep_in_bed":1,"minecraft:total_world_time":22833,"minecraft:fall_one_cm":24480},"minecraft:picked_up":{"minecraft:stick":17,"minecraft:golden_leggings":2,"minecraft:flint":3,"minecraft:golden_axe":1,"minecraft:spider_eye":2,"minecraft:golden_hoe":2,"minecraft:hay_block":15,"minecraft:iron_ingot":4,"minecraft:enchanted_golden_apple":1,"minecraft:sugar_cane":54},"minecraft:mined":{"minecraft:hay_block":7,"minecraft:dead_bush":4,"minecraft:sugar_cane":27}},"DataVersion":3953}