{"stats":{"minecraft:custom":{"minecraft:time_since_rest":194,"minecraft:sprint_one_cm":7495,"minecraft:play_time":23125,"minecraft:deaths":3,"minecraft:damage_taken":709,"minecraft:walk_one_cm":5162,"minecraft:mob_kills":1,"minecraft:drop":6,"minecraft:jump":131,"minecraft:damage_dealt":220,"minecraft:leave_game":2,"minecraft:time_since_death":0,"minecraft:total_world_time":23125,"minecraft:fall_one_cm":4865,"minecraft:fly_one_cm":30729},"minecraft:picked_up":{"minecraft:bone":2,"minecraft:arrow":1,"minecraft:wheat_seeds":1,"minecraft:mutton":1,"minecraft:white_wool":1},"minecraft:mined":{"minecraft:short_grass":2,"minecraft:tall_grass":1},"minecraft:dropped":{"minecraft:arrow":1,"minecraft:wheat_seeds":1,"minecraft:mutton":1,"minecraft:white_wool":1,"minecraft:bone":2},"minecraft:killed_by":{"minecraft:skeleton":1,"minecraft:zombie":2},"minecraft:killed":{"minecraft:sheep":1}},"DataVersion":3953}