{"stats":{"minecraft:custom":{"minecraft:time_since_rest":8560,"minecraft:sprint_one_cm":6412,"minecraft:play_time":19955,"minecraft:deaths":1,"minecraft:damage_taken":259,"minecraft:walk_one_cm":3713,"minecraft:mob_kills":1,"minecraft:drop":6,"minecraft:jump":111,"minecraft:damage_dealt":220,"minecraft:leave_game":1,"minecraft:time_since_death":2500,"minecraft:total_world_time":19955,"minecraft:fall_one_cm":4238,"minecraft:fly_one_cm":24527},"minecraft:picked_up":{"minecraft:bone":2,"minecraft:arrow":1,"minecraft:wheat_seeds":1,"minecraft:mutton":1,"minecraft:white_wool":1},"minecraft:mined":{"minecraft:short_grass":2,"minecraft:tall_grass":1},"minecraft:dropped":{"minecraft:arrow":1,"minecraft:wheat_seeds":1,"minecraft:mutton":1,"minecraft:white_wool":1,"minecraft:bone":2},"minecraft:killed_by":{"minecraft:skeleton":1},"minecraft:killed":{"minecraft:sheep":1}},"DataVersion":3953}