{"stats":{"minecraft:used":{"minecraft:red_sand":7,"minecraft:flint_and_steel":23,"minecraft:dispenser":2,"minecraft:redstone":1,"minecraft:chest":1,"minecraft:spruce_planks":59,"minecraft:shield":2,"minecraft:iron_sword":36,"minecraft:netherrack":4,"minecraft:orange_bed":1,"minecraft:dirt":56,"minecraft:white_carpet":35,"minecraft:carrot":7,"minecraft:diamond_helmet":1,"minecraft:acacia_button":1,"minecraft:dark_oak_planks":21,"minecraft:lava_bucket":23,"minecraft:bookshelf":1,"minecraft:iron_axe":26,"minecraft:diamond_chestplate":1,"minecraft:tripwire_hook":10,"minecraft:golden_sword":29,"minecraft:furnace":2,"minecraft:gold_block":1,"minecraft:cooked_beef":39,"minecraft:acacia_planks":12,"minecraft:cobbled_deepslate":3,"minecraft:iron_leggings":2,"minecraft:enchanted_golden_apple":1,"minecraft:golden_axe":24,"minecraft:cooked_mutton":1,"minecraft:water_bucket":88,"minecraft:diamond_boots":1,"minecraft:stone_pickaxe":20,"minecraft:oak_planks":5,"minecraft:wooden_pickaxe":23,"minecraft:diamond_axe":924,"minecraft:sugar_cane":1,"minecraft:white_wool":1,"minecraft:golden_hoe":70,"minecraft:sand":7,"minecraft:crafting_table":8,"minecraft:smoker":2,"minecraft:shears":6,"minecraft:lever":2,"minecraft:diamond_pickaxe":16,"minecraft:apple":3,"minecraft:acacia_door":8,"minecraft:bread":15,"minecraft:string":12,"minecraft:iron_pickaxe":27,"minecraft:suspicious_stew":1,"minecraft:spruce_trapdoor":4,"minecraft:spruce_sapling":58,"minecraft:diamond_sword":175,"minecraft:cobblestone":25,"minecraft:bucket":117},"minecraft:killed_by":{"minecraft:player":6,"minecraft:creeper":1,"minecraft:enderman":1,"minecraft:iron_golem":2,"minecraft:zombie":2},"minecraft:crafted":{"minecraft:oak_planks":20,"minecraft:tripwire_hook":4,"minecraft:furnace":2,"minecraft:lever":1,"minecraft:bookshelf":1,"minecraft:diamond_helmet":1,"minecraft:diamond_leggings":1,"minecraft:iron_axe":1,"minecraft:stone_pickaxe":1,"minecraft:chest":1,"minecraft:diamond_boots":1,"minecraft:dark_oak_planks":40,"minecraft:wheat":360,"minecraft:smoker":2,"minecraft:cooked_beef":23,"minecraft:diamond_sword":1,"minecraft:emerald":141,"minecraft:diamond_axe":2,"minecraft:crafting_table":5,"minecraft:spruce_planks":2696,"minecraft:wooden_pickaxe":1,"minecraft:iron_sword":1,"minecraft:bucket":3,"minecraft:acacia_button":1,"minecraft:enchanted_book":2,"minecraft:bread":94,"minecraft:air":0,"minecraft:blue_dye":34,"minecraft:dispenser":2,"minecraft:spruce_trapdoor":2,"minecraft:diamond_pickaxe":1,"minecraft:shield":1,"minecraft:stick":5376,"minecraft:iron_pickaxe":2,"minecraft:iron_ingot":5,"minecraft:acacia_door":6,"minecraft:acacia_planks":20,"minecraft:shears":1,"minecraft:diamond_chestplate":1},"minecraft:picked_up":{"minecraft:crafting_table":7,"minecraft:wheat":1,"minecraft:ladder":3,"minecraft:golden_pickaxe":1,"minecraft:gold_block":4,"minecraft:golden_sword":6,"minecraft:shield":2,"minecraft:string":26,"minecraft:acacia_door":8,"minecraft:iron_axe":2,"minecraft:flint_and_steel":3,"minecraft:iron_leggings":4,"minecraft:white_carpet":37,"minecraft:red_sand":56,"minecraft:cobbled_deepslate":3,"minecraft:spruce_planks":59,"minecraft:beef":39,"minecraft:iron_nugget":30,"minecraft:poppy":11,"minecraft:iron_pickaxe":3,"minecraft:enchanted_golden_apple":6,"minecraft:sugar_cane":207,"minecraft:chest":14,"minecraft:spruce_trapdoor":4,"minecraft:furnace":2,"minecraft:stick":102,"minecraft:acacia_log":11,"minecraft:torch":4,"minecraft:bowl":6,"minecraft:golden_axe":1,"minecraft:carrot":2,"minecraft:redstone":8,"minecraft:dark_oak_planks":6,"minecraft:orange_bed":3,"minecraft:arrow":13,"minecraft:rotten_flesh":52,"minecraft:beetroot_seeds":1,"minecraft:golden_hoe":9,"minecraft:hay_block":40,"minecraft:armadillo_scute":2,"minecraft:yellow_terracotta":2,"minecraft:totem_of_undying":4,"minecraft:mutton":1,"minecraft:cobblestone":32,"minecraft:white_wool":2,"minecraft:cooked_beef":18,"minecraft:iron_door":1,"minecraft:tripwire_hook":9,"minecraft:leather":15,"minecraft:golden_leggings":1,"minecraft:red_mushroom":1,"minecraft:smoker":2,"minecraft:potato":21,"minecraft:filled_map":1,"minecraft:flint":3,"minecraft:oak_log":5,"minecraft:gunpowder":7,"minecraft:dirt":76,"minecraft:paper":3,"minecraft:orange_terracotta":4,"minecraft:cooked_mutton":2,"minecraft:red_carpet":64,"minecraft:bone":26,"minecraft:acacia_planks":12,"minecraft:wheat_seeds":50,"minecraft:iron_ingot":41,"minecraft:glowstone_dust":2,"minecraft:iron_sword":5,"minecraft:oak_planks":4,"minecraft:book":30,"minecraft:poisonous_potato":8,"minecraft:gravel":2,"minecraft:lava_bucket":2,"minecraft:sand":13,"minecraft:spruce_sapling":64,"minecraft:spruce_log":674,"minecraft:red_terracotta":2,"minecraft:dark_oak_log":18,"minecraft:spider_eye":7,"minecraft:diamond":11,"minecraft:lever":2,"minecraft:emerald":8,"minecraft:bread":89,"minecraft:melon_seeds":3,"minecraft:oak_sapling":1,"minecraft:light_gray_carpet":1,"minecraft:netherrack":11,"minecraft:coal":18},"minecraft:mined":{"minecraft:dark_oak_planks":6,"minecraft:yellow_terracotta":4,"minecraft:red_carpet":5,"minecraft:spruce_planks":59,"minecraft:dark_oak_leaves":4,"minecraft:deepslate_diamond_ore":12,"minecraft:dark_oak_log":19,"minecraft:spruce_trapdoor":4,"minecraft:chiseled_bookshelf":2,"minecraft:red_sand":2,"minecraft:acacia_log":11,"minecraft:grass_block":4,"minecraft:redstone_wire":1,"minecraft:spruce_leaves":13,"minecraft:hay_block":51,"minecraft:spruce_sapling":4,"minecraft:furnace":2,"minecraft:fire":273,"minecraft:gold_block":1,"minecraft:bookshelf":10,"minecraft:stone":25,"minecraft:tripwire":6,"minecraft:orange_bed":3,"minecraft:podzol":3,"minecraft:glass_pane":1,"minecraft:smoker":2,"minecraft:crafting_table":7,"minecraft:short_grass":84,"minecraft:melon":1,"minecraft:chest":14,"minecraft:dead_bush":48,"minecraft:tall_grass":27,"minecraft:cobblestone":9,"minecraft:sugar_cane":11,"minecraft:oak_planks":4,"minecraft:iron_door":1,"minecraft:red_terracotta":4,"minecraft:lime_bed":1,"minecraft:wheat":1,"minecraft:white_carpet":1,"minecraft:spruce_log":672,"minecraft:oak_log":4,"minecraft:beetroots":1,"minecraft:sand":6,"minecraft:acacia_door":4,"minecraft:dirt":6,"minecraft:tripwire_hook":3,"minecraft:acacia_planks":12,"minecraft:red_mushroom_block":4,"minecraft:netherrack":13,"minecraft:oak_leaves":2,"minecraft:deepslate":4},"minecraft:custom":{"minecraft:mob_kills":90,"minecraft:interact_with_anvil":2,"minecraft:interact_with_crafting_table":25,"minecraft:leave_game":7,"minecraft:time_since_death":116638,"minecraft:climb_one_cm":576,"minecraft:damage_resisted":70,"minecraft:sprint_one_cm":563376,"minecraft:walk_one_cm":517729,"minecraft:damage_blocked_by_shield":55,"minecraft:drop":33,"minecraft:talked_to_villager":114,"minecraft:play_time":196737,"minecraft:deaths":15,"minecraft:sneak_time":15890,"minecraft:walk_under_water_one_cm":31337,"minecraft:jump":5275,"minecraft:interact_with_blast_furnace":4,"minecraft:walk_on_water_one_cm":45007,"minecraft:enchant_item":1,"minecraft:total_world_time":196737,"minecraft:interact_with_furnace":16,"minecraft:traded_with_villager":148,"minecraft:interact_with_grindstone":2,"minecraft:sleep_in_bed":6,"minecraft:time_since_rest":96830,"minecraft:damage_taken":8074,"minecraft:damage_absorbed":16,"minecraft:damage_dealt":20977,"minecraft:swim_one_cm":209907,"minecraft:fly_one_cm":1104877,"minecraft:player_kills":8,"minecraft:open_chest":73,"minecraft:crouch_one_cm":43828,"minecraft:interact_with_smoker":8,"minecraft:fall_one_cm":155506,"minecraft:inspect_dispenser":2,"minecraft:horse_one_cm":2205},"minecraft:killed":{"minecraft:evoker":4,"minecraft:witch":1,"minecraft:vindicator":6,"minecraft:spider":8,"minecraft:skeleton":8,"minecraft:camel":1,"minecraft:zombie_villager":2,"minecraft:iron_golem":5,"minecraft:creeper":4,"minecraft:sheep":1,"minecraft:zombie":28,"minecraft:villager":3,"minecraft:enderman":2,"minecraft:cow":14},"minecraft:dropped":{"minecraft:iron_ingot":9,"minecraft:bread":24,"minecraft:iron_sword":1,"minecraft:wheat_seeds":12,"minecraft:golden_pickaxe":1,"minecraft:golden_axe":1,"minecraft:stick":2,"minecraft:dirt":3,"minecraft:blue_dye":34,"minecraft:torch":1,"minecraft:iron_leggings":2,"minecraft:armadillo_scute":1,"minecraft:golden_hoe":1,"minecraft:orange_bed":2,"minecraft:string":2,"minecraft:bone":3,"minecraft:sugar_cane":40,"minecraft:bowl":1,"minecraft:rotten_flesh":6,"minecraft:totem_of_undying":2,"minecraft:filled_map":1,"minecraft:poppy":2,"minecraft:spruce_planks":1,"minecraft:melon_seeds":1,"minecraft:golden_leggings":1,"minecraft:golden_sword":1,"minecraft:arrow":3,"minecraft:red_sand":1,"minecraft:wooden_pickaxe":1},"minecraft:broken":{"minecraft:golden_hoe":1,"minecraft:flint_and_steel":1,"minecraft:golden_axe":1}},"DataVersion":3953}