{"stats":{"minecraft:mined":{"minecraft:spruce_planks":59,"minecraft:deepslate_diamond_ore":12,"minecraft:spruce_trapdoor":4,"minecraft:chiseled_bookshelf":2,"minecraft:red_sand":2,"minecraft:acacia_log":11,"minecraft:grass_block":1,"minecraft:spruce_leaves":13,"minecraft:hay_block":51,"minecraft:spruce_sapling":4,"minecraft:fire":24,"minecraft:gold_block":1,"minecraft:bookshelf":1,"minecraft:stone":4,"minecraft:tripwire":2,"minecraft:orange_bed":3,"minecraft:podzol":3,"minecraft:glass_pane":1,"minecraft:crafting_table":4,"minecraft:short_grass":66,"minecraft:dead_bush":48,"minecraft:tall_grass":18,"minecraft:cobblestone":1,"minecraft:oak_planks":3,"minecraft:sugar_cane":11,"minecraft:lime_bed":1,"minecraft:wheat":1,"minecraft:spruce_log":596,"minecraft:oak_log":4,"minecraft:beetroots":1,"minecraft:acacia_door":3,"minecraft:sand":6,"minecraft:dirt":3,"minecraft:tripwire_hook":2,"minecraft:acacia_planks":12,"minecraft:netherrack":13,"minecraft:oak_leaves":2,"minecraft:deepslate":4},"minecraft:killed":{"minecraft:witch":1,"minecraft:spider":3,"minecraft:skeleton":3,"minecraft:camel":1,"minecraft:iron_golem":5,"minecraft:creeper":3,"minecraft:zombie":13,"minecraft:villager":3,"minecraft:enderman":1},"minecraft:killed_by":{"minecraft:player":6,"minecraft:creeper":1,"minecraft:enderman":1,"minecraft:iron_golem":2,"minecraft:zombie":2},"minecraft:dropped":{"minecraft:iron_ingot":9,"minecraft:bread":24,"minecraft:iron_sword":1,"minecraft:wheat_seeds":12,"minecraft:golden_pickaxe":1,"minecraft:golden_axe":1,"minecraft:stick":2,"minecraft:dirt":3,"minecraft:torch":1,"minecraft:iron_leggings":2,"minecraft:armadillo_scute":1,"minecraft:golden_hoe":1,"minecraft:orange_bed":2,"minecraft:string":2,"minecraft:bone":3,"minecraft:sugar_cane":40,"minecraft:bowl":1,"minecraft:rotten_flesh":6,"minecraft:filled_map":1,"minecraft:poppy":2,"minecraft:melon_seeds":1,"minecraft:golden_leggings":1,"minecraft:golden_sword":1,"minecraft:red_sand":1},"minecraft:broken":{"minecraft:golden_hoe":1,"minecraft:flint_and_steel":1,"minecraft:golden_axe":1},"minecraft:used":{"minecraft:red_sand":7,"minecraft:flint_and_steel":23,"minecraft:spruce_planks":59,"minecraft:shield":2,"minecraft:iron_sword":36,"minecraft:netherrack":4,"minecraft:orange_bed":1,"minecraft:dirt":51,"minecraft:carrot":5,"minecraft:diamond_helmet":1,"minecraft:lava_bucket":23,"minecraft:bookshelf":1,"minecraft:iron_axe":26,"minecraft:diamond_chestplate":1,"minecraft:golden_sword":29,"minecraft:tripwire_hook":5,"minecraft:gold_block":1,"minecraft:cooked_beef":9,"minecraft:cobbled_deepslate":3,"minecraft:acacia_planks":12,"minecraft:enchanted_golden_apple":1,"minecraft:golden_axe":24,"minecraft:iron_leggings":2,"minecraft:cooked_mutton":1,"minecraft:water_bucket":16,"minecraft:diamond_boots":1,"minecraft:oak_planks":5,"minecraft:diamond_axe":758,"minecraft:sugar_cane":1,"minecraft:white_wool":1,"minecraft:golden_hoe":70,"minecraft:sand":7,"minecraft:crafting_table":5,"minecraft:shears":2,"minecraft:lever":2,"minecraft:diamond_pickaxe":16,"minecraft:apple":3,"minecraft:acacia_door":8,"minecraft:string":5,"minecraft:bread":15,"minecraft:suspicious_stew":1,"minecraft:iron_pickaxe":27,"minecraft:spruce_trapdoor":4,"minecraft:spruce_sapling":58,"minecraft:cobblestone":5,"minecraft:bucket":39},"minecraft:custom":{"minecraft:mob_kills":35,"minecraft:interact_with_anvil":2,"minecraft:interact_with_crafting_table":14,"minecraft:leave_game":4,"minecraft:time_since_death":48655,"minecraft:damage_resisted":70,"minecraft:sprint_one_cm":340375,"minecraft:walk_one_cm":367582,"minecraft:damage_blocked_by_shield":55,"minecraft:drop":27,"minecraft:talked_to_villager":91,"minecraft:play_time":128754,"minecraft:deaths":15,"minecraft:sneak_time":11920,"minecraft:walk_under_water_one_cm":16222,"minecraft:jump":3129,"minecraft:interact_with_blast_furnace":4,"minecraft:walk_on_water_one_cm":23793,"minecraft:enchant_item":1,"minecraft:total_world_time":128754,"minecraft:interact_with_furnace":9,"minecraft:traded_with_villager":148,"minecraft:interact_with_grindstone":1,"minecraft:sleep_in_bed":6,"minecraft:time_since_rest":28847,"minecraft:damage_taken":5596,"minecraft:damage_absorbed":16,"minecraft:damage_dealt":12613,"minecraft:fly_one_cm":664566,"minecraft:swim_one_cm":191293,"minecraft:player_kills":8,"minecraft:open_chest":40,"minecraft:crouch_one_cm":32325,"minecraft:fall_one_cm":86416,"minecraft:horse_one_cm":2205},"minecraft:crafted":{"minecraft:oak_planks":20,"minecraft:tripwire_hook":2,"minecraft:lever":1,"minecraft:bookshelf":1,"minecraft:diamond_helmet":1,"minecraft:diamond_leggings":1,"minecraft:iron_axe":1,"minecraft:diamond_boots":1,"minecraft:wheat":360,"minecraft:cooked_beef":16,"minecraft:emerald":141,"minecraft:diamond_axe":2,"minecraft:crafting_table":3,"minecraft:spruce_planks":2380,"minecraft:iron_sword":1,"minecraft:bucket":2,"minecraft:enchanted_book":2,"minecraft:bread":94,"minecraft:air":0,"minecraft:spruce_trapdoor":2,"minecraft:diamond_pickaxe":1,"minecraft:shield":1,"minecraft:stick":4696,"minecraft:iron_ingot":5,"minecraft:iron_pickaxe":2,"minecraft:acacia_door":6,"minecraft:acacia_planks":16,"minecraft:shears":1,"minecraft:diamond_chestplate":1},"minecraft:picked_up":{"minecraft:crafting_table":4,"minecraft:wheat":1,"minecraft:golden_pickaxe":1,"minecraft:gold_block":4,"minecraft:shield":2,"minecraft:golden_sword":6,"minecraft:string":19,"minecraft:iron_axe":2,"minecraft:acacia_door":7,"minecraft:flint_and_steel":3,"minecraft:iron_leggings":4,"minecraft:red_sand":56,"minecraft:cobbled_deepslate":3,"minecraft:spruce_planks":59,"minecraft:iron_nugget":30,"minecraft:poppy":11,"minecraft:iron_pickaxe":3,"minecraft:enchanted_golden_apple":6,"minecraft:sugar_cane":206,"minecraft:spruce_trapdoor":4,"minecraft:stick":100,"minecraft:acacia_log":11,"minecraft:torch":2,"minecraft:bowl":6,"minecraft:golden_axe":1,"minecraft:carrot":1,"minecraft:redstone":8,"minecraft:orange_bed":3,"minecraft:arrow":8,"minecraft:rotten_flesh":38,"minecraft:beetroot_seeds":1,"minecraft:golden_hoe":9,"minecraft:hay_block":40,"minecraft:armadillo_scute":2,"minecraft:cobblestone":5,"minecraft:white_wool":1,"minecraft:tripwire_hook":5,"minecraft:golden_leggings":1,"minecraft:potato":21,"minecraft:filled_map":1,"minecraft:flint":3,"minecraft:oak_log":5,"minecraft:gunpowder":6,"minecraft:dirt":69,"minecraft:paper":3,"minecraft:orange_terracotta":4,"minecraft:cooked_mutton":2,"minecraft:bone":21,"minecraft:acacia_planks":12,"minecraft:wheat_seeds":50,"minecraft:iron_ingot":41,"minecraft:glowstone_dust":2,"minecraft:oak_planks":3,"minecraft:iron_sword":5,"minecraft:book":3,"minecraft:poisonous_potato":8,"minecraft:sand":13,"minecraft:lava_bucket":2,"minecraft:spruce_sapling":60,"minecraft:spruce_log":595,"minecraft:spider_eye":7,"minecraft:diamond":11,"minecraft:lever":2,"minecraft:bread":89,"minecraft:emerald":4,"minecraft:netherrack":11,"minecraft:melon_seeds":3,"minecraft:coal":18}},"DataVersion":3953}