{"stats":{"minecraft:used":{"minecraft:apple":3,"minecraft:bread":5,"minecraft:golden_hoe":51,"minecraft:sand":3,"minecraft:golden_axe":24,"minecraft:iron_leggings":1},"minecraft:killed":{"minecraft:spider":2,"minecraft:camel":1,"minecraft:villager":2},"minecraft:killed_by":{"minecraft:player":1},"minecraft:dropped":{"minecraft:golden_leggings":1,"minecraft:golden_axe":1,"minecraft:rotten_flesh":1},"minecraft:custom":{"minecraft:time_since_rest":11927,"minecraft:sprint_one_cm":58130,"minecraft:damage_taken":558,"minecraft:walk_one_cm":40763,"minecraft:mob_kills":5,"minecraft:drop":3,"minecraft:damage_dealt":1770,"minecraft:swim_one_cm":11505,"minecraft:interact_with_crafting_table":3,"minecraft:fly_one_cm":153166,"minecraft:player_kills":2,"minecraft:open_chest":2,"minecraft:crouch_one_cm":1646,"minecraft:play_time":17925,"minecraft:deaths":1,"minecraft:sneak_time":413,"minecraft:walk_under_water_one_cm":679,"minecraft:jump":596,"minecraft:time_since_death":11901,"minecraft:walk_on_water_one_cm":3827,"minecraft:total_world_time":17925,"minecraft:fall_one_cm":18034,"minecraft:horse_one_cm":2205},"minecraft:picked_up":{"minecraft:stick":35,"minecraft:crafting_table":1,"minecraft:wheat":1,"minecraft:golden_leggings":1,"minecraft:flint":3,"minecraft:sand":3,"minecraft:golden_axe":1,"minecraft:spider_eye":4,"minecraft:rotten_flesh":1,"minecraft:beetroot_seeds":1,"minecraft:wheat_seeds":2,"minecraft:golden_hoe":2,"minecraft:hay_block":28,"minecraft:iron_ingot":4,"minecraft:enchanted_golden_apple":1},"minecraft:crafted":{"minecraft:iron_pickaxe":1,"minecraft:bread":9,"minecraft:wheat":27},"minecraft:broken":{"minecraft:golden_hoe":1,"minecraft:golden_axe":1},"minecraft:mined":{"minecraft:hay_block":39,"minecraft:wheat":1,"minecraft:crafting_table":1,"minecraft:beetroots":1,"minecraft:dead_bush":29,"minecraft:sand":3}},"DataVersion":3953}