{"stats":{"minecraft:used":{"minecraft:golden_hoe":7,"minecraft:golden_axe":5},"minecraft:killed":{"minecraft:spider":2},"minecraft:dropped":{"minecraft:rotten_flesh":1},"minecraft:custom":{"minecraft:time_since_rest":5925,"minecraft:open_chest":1,"minecraft:crouch_one_cm":420,"minecraft:play_time":5925,"minecraft:sprint_one_cm":16628,"minecraft:damage_taken":195,"minecraft:walk_one_cm":16146,"minecraft:sneak_time":114,"minecraft:walk_under_water_one_cm":171,"minecraft:mob_kills":2,"minecraft:drop":1,"minecraft:jump":140,"minecraft:damage_dealt":610,"minecraft:walk_on_water_one_cm":1399,"minecraft:time_since_death":5925,"minecraft:total_world_time":5925,"minecraft:swim_one_cm":117,"minecraft:fall_one_cm":3518,"minecraft:fly_one_cm":27641,"minecraft:player_kills":1},"minecraft:picked_up":{"minecraft:stick":14,"minecraft:rotten_flesh":1,"minecraft:spider_eye":2},"minecraft:mined":{"minecraft:dead_bush":20}},"DataVersion":3953}