{"stats":{"minecraft:picked_up":{"minecraft:crafting_table":3,"minecraft:wheat":1,"minecraft:golden_pickaxe":1,"minecraft:golden_leggings":1,"minecraft:potato":21,"minecraft:filled_map":1,"minecraft:gold_block":4,"minecraft:flint":3,"minecraft:oak_log":5,"minecraft:shield":2,"minecraft:golden_sword":6,"minecraft:flint_and_steel":3,"minecraft:dirt":32,"minecraft:string":14,"minecraft:paper":3,"minecraft:iron_axe":2,"minecraft:orange_terracotta":4,"minecraft:iron_leggings":4,"minecraft:cooked_mutton":2,"minecraft:bone":21,"minecraft:wheat_seeds":47,"minecraft:red_sand":56,"minecraft:iron_ingot":26,"minecraft:poppy":5,"minecraft:iron_nugget":30,"minecraft:iron_pickaxe":3,"minecraft:enchanted_golden_apple":6,"minecraft:sugar_cane":205,"minecraft:iron_sword":5,"minecraft:oak_planks":3,"minecraft:stick":54,"minecraft:torch":2,"minecraft:bowl":6,"minecraft:poisonous_potato":8,"minecraft:lava_bucket":2,"minecraft:sand":13,"minecraft:golden_axe":1,"minecraft:spider_eye":7,"minecraft:orange_bed":3,"minecraft:arrow":8,"minecraft:rotten_flesh":20,"minecraft:beetroot_seeds":1,"minecraft:golden_hoe":9,"minecraft:hay_block":40,"minecraft:armadillo_scute":2,"minecraft:emerald":4,"minecraft:bread":89,"minecraft:melon_seeds":3,"minecraft:white_wool":1,"minecraft:netherrack":11,"minecraft:coal":18,"minecraft:cobblestone":5},"minecraft:killed":{"minecraft:spider":3,"minecraft:iron_golem":1,"minecraft:skeleton":3,"minecraft:zombie":2,"minecraft:camel":1,"minecraft:villager":3,"minecraft:enderman":1},"minecraft:dropped":{"minecraft:bread":24,"minecraft:iron_ingot":9,"minecraft:iron_sword":1,"minecraft:sugar_cane":40,"minecraft:wheat_seeds":12,"minecraft:golden_pickaxe":1,"minecraft:bowl":1,"minecraft:golden_axe":1,"minecraft:rotten_flesh":6,"minecraft:stick":2,"minecraft:filled_map":1,"minecraft:poppy":2,"minecraft:dirt":3,"minecraft:torch":1,"minecraft:melon_seeds":1,"minecraft:golden_leggings":1,"minecraft:golden_sword":1,"minecraft:iron_leggings":2,"minecraft:golden_hoe":1,"minecraft:armadillo_scute":1,"minecraft:red_sand":1,"minecraft:orange_bed":2,"minecraft:string":2,"minecraft:bone":3},"minecraft:killed_by":{"minecraft:player":6,"minecraft:creeper":1,"minecraft:zombie":2,"minecraft:enderman":1,"minecraft:iron_golem":2},"minecraft:crafted":{"minecraft:oak_planks":20,"minecraft:crafting_table":2,"minecraft:iron_sword":1,"minecraft:bucket":1,"minecraft:bread":94,"minecraft:shield":1,"minecraft:iron_axe":1,"minecraft:stick":8,"minecraft:iron_pickaxe":2,"minecraft:wheat":360},"minecraft:custom":{"minecraft:mob_kills":15,"minecraft:interact_with_crafting_table":8,"minecraft:leave_game":2,"minecraft:time_since_death":0,"minecraft:sleep_in_bed":3,"minecraft:damage_resisted":70,"minecraft:time_since_rest":622,"minecraft:damage_absorbed":16,"minecraft:sprint_one_cm":223060,"minecraft:damage_taken":4875,"minecraft:walk_one_cm":189911,"minecraft:damage_blocked_by_shield":55,"minecraft:drop":27,"minecraft:damage_dealt":6223,"minecraft:swim_one_cm":148499,"minecraft:player_kills":8,"minecraft:fly_one_cm":493616,"minecraft:open_chest":7,"minecraft:crouch_one_cm":13733,"minecraft:play_time":71955,"minecraft:deaths":14,"minecraft:sneak_time":3910,"minecraft:walk_under_water_one_cm":9674,"minecraft:jump":2210,"minecraft:walk_on_water_one_cm":18688,"minecraft:total_world_time":71955,"minecraft:fall_one_cm":72042,"minecraft:horse_one_cm":2205},"minecraft:mined":{"minecraft:glass_pane":1,"minecraft:crafting_table":3,"minecraft:short_grass":47,"minecraft:red_sand":2,"minecraft:dead_bush":48,"minecraft:tall_grass":14,"minecraft:cobblestone":1,"minecraft:oak_planks":3,"minecraft:sugar_cane":10,"minecraft:hay_block":51,"minecraft:lime_bed":1,"minecraft:fire":24,"minecraft:wheat":1,"minecraft:gold_block":1,"minecraft:oak_log":4,"minecraft:beetroots":1,"minecraft:sand":6,"minecraft:stone":4,"minecraft:netherrack":13,"minecraft:oak_leaves":2,"minecraft:orange_bed":3},"minecraft:used":{"minecraft:cooked_mutton":1,"minecraft:water_bucket":6,"minecraft:red_sand":7,"minecraft:flint_and_steel":23,"minecraft:oak_planks":5,"minecraft:shield":2,"minecraft:iron_sword":28,"minecraft:white_wool":1,"minecraft:netherrack":4,"minecraft:orange_bed":1,"minecraft:golden_hoe":70,"minecraft:dirt":15,"minecraft:sand":7,"minecraft:crafting_table":4,"minecraft:carrot":5,"minecraft:lava_bucket":23,"minecraft:apple":3,"minecraft:iron_axe":26,"minecraft:bread":15,"minecraft:iron_pickaxe":27,"minecraft:suspicious_stew":1,"minecraft:golden_sword":29,"minecraft:cobblestone":5,"minecraft:bucket":29,"minecraft:gold_block":1,"minecraft:enchanted_golden_apple":1,"minecraft:golden_axe":24,"minecraft:iron_leggings":1},"minecraft:broken":{"minecraft:golden_hoe":1,"minecraft:golden_axe":1,"minecraft:flint_and_steel":1}},"DataVersion":3953}